{
  "reference_size": [
    750,
    1624
  ],
  "candidate_size": [
    375,
    812
  ],
  "size_ratio": [
    0.5,
    0.5
  ],
  "pixel_mae": 0.061823,
  "ssim": 0.827368,
  "visual_score": 87.17
}